{
	"AWSTemplateFormatVersion": "2010-09-09",
    
    
    "Mappings" : {
    "RegionMap" : {
      "us-east-1"      : { "BUCKET" : "BUCKET-7f418316" },
      "eu-west-1"      : { "BUCKET" : "alexagoogleassistantskilleuwest1" }
    }
  },

	"Parameters": {
		"FunctionName": {
			"Description": "Leave as is or give your Skill Function a Friendly Name",
			"Type": "String",
			"Default": "alexa-assistant-skill-function"
		},
        "BucketName": {
			"Description": "Please enter the 20 digit ID of your Google Project",
			"Type": "String",
			"Default": "default"
		},
        "RedirectURL": {
			"Description": "Please enter Your Alexa Skill Account Linking Redirect URL. Use the first one in the list",
			"Type": "String",
			"Default": "default"
		}
	},
    
    "Conditions" : {
        "CorrectAWSRegion" : {
           "Fn::Or" : [
              {"Fn::Equals" : [{"Ref" : "AWS::Region"}, "eu-west-1"]},
              {"Fn::Equals" : [{"Ref" : "AWS::Region"}, "us-east-1"]}
           ]
        },
        "IncorrectAWSRegion" : {
            "Fn::Not" : [{
               "Condition": "CorrectAWSRegion"
            }]
        }
    },

	"Resources": {
        "S3Bucket" : {
            "Type" : "AWS::S3::Bucket",
                "Properties" : {
                    "BucketName": { 
                        "Ref": "BucketName"
                    }
                }
        },
    
		"LambdaFunctionRole": {
			"Type": "AWS::IAM::Role",
            "Condition" : "CorrectAWSRegion",
			"Properties": {
				"AssumeRolePolicyDocument": {
					"Version": "2012-10-17",
					"Statement": [{
						"Effect": "Allow",
						"Principal": {
							"Service": [
								"lambda.amazonaws.com"
							]
						},
						"Action": [
							"sts:AssumeRole"
						]
					}]
				},
				"Path": "/",
				"Policies": [{
					"PolicyName": "AlexaSkillCloudWatchLogsAccess",
					"PolicyDocument": {
						"Version": "2012-10-17",
						"Statement": [{
							"Sid": "AllowLogging",
							"Effect": "Allow",
							"Action": [
								"logs:CreateLogGroup",
								"logs:CreateLogStream",
								"logs:PutLogEvents"
							],
							"Resource": ["*"]
						}]
					}
				}]
			}
		},
		"AlexaSkillFunction": {
			"Type": "AWS::Lambda::Function",
            "Condition" : "CorrectAWSRegion",
			"Properties": {
				"FunctionName": {
					"Ref": "FunctionName"
				},
				"Handler": "index.handler",
				"Role": {
					"Fn::GetAtt": ["LambdaFunctionRole", "Arn"]
				},
				"Description": {
					"Fn::Join": ["", ["Alexa Skill code for the ", {
						"Ref": "FunctionName"
					}, " skill."]]
				},
				"Code": {
					"S3Bucket":  {
                        "Fn::FindInMap" : [ "RegionMap", { "Ref" : "AWS::Region" }, "BUCKET" ]
                                 
					},
					"S3Key": "index.zip"
					
				},
				"Runtime": "nodejs6.10",
				"Timeout": "10",
                "MemorySize": "1344",
                "Environment": {
                    "Variables": {
                      "S3_BUCKET" : {
                            "Ref": "BucketName"
                        },
                      "API_ENDPOINT": "embeddedassistant.googleapis.com",
                      "REDIRECT_URL": {
                          "Ref": "RedirectURL"
                      },
                      "PROJECT_ID": {
                           "Ref": "BucketName"
                      }
                    }
                }
			}
		},
    
		"AlexaSkillFunctionPermissions": {
			"Type": "AWS::Lambda::Permission",
            "Condition" : "CorrectAWSRegion",
			"Properties": {
				"FunctionName": {
					"Ref": "AlexaSkillFunction"
				},
				"Action": "lambda:InvokeFunction",
				"Principal": "alexa-appkit.amazon.com"
			}
		}
	},
	"Outputs": {
		"FunctionARN": {
            "Condition" : "CorrectAWSRegion",
			"Value": {
				"Fn::GetAtt": ["AlexaSkillFunction", "Arn"]
			},
			"Description": "Lambda function ARN to be placed in the Amazon Developer Portal"
		},
        "FunctionError": {
            "Condition" : "IncorrectAWSRegion",
			"Value": "Incorrect AWS Region!!! Must be US-East(N. VIRGINIA) or EU(Ireland)",
			"Description": "You must Select US-EAST (North Virgina) if you are located in North Amaerica or EU (Ireland) if you are located in Europe"
		}
	}
}